id,requirement,user_story,acceptance_criteria,ahp_score,moscow,story_points,sprint,owner,status
PB-01,FR-09,"As a clinic manager I want every user to sign in with a role so that staff only see what their job needs","Given a nurse, when she opens /admin/analytics, then she receives 403",7.86,Must,5,2,Maruf,Done
PB-02,NFR-01,"As a patient I want my booked slot to be mine alone so that I never arrive to find a clash","Given 20 simultaneous requests for one slot, then exactly one appointment is created",7.88,Must,8,2,Mishkatul,Done
PB-03,FR-01,"As a patient I want to see real-time availability and book online so that I don't have to phone","Given a doctor and day, when I pick a free time, then the slot is booked and disappears from availability",7.21,Must,5,2,Mishkatul,Done
PB-04,FR-01,"As a patient I want to reschedule or cancel so that the slot is freed for someone else","Given a booked appointment, when I cancel, then the slot is bookable again and reminders are withdrawn",7.21,Must,3,2,Mishkatul,Done
PB-05,FR-07,"As a doctor I want a single secure record per patient so that history, allergies and diagnoses are in one place","Given an EHR entry, then the database stores ciphertext and each read is audited",8.42,Must,8,3,Maruf,Done
PB-06,FR-04,"As a doctor I want a dashboard of today's schedule, waiting room and open tasks so that I can run clinic from one screen","Given checked-in patients, then the dashboard lists them in queue order with estimated waits",6.46,Must,5,3,Humayra,Done
PB-07,FR-08,"As a nurse I want to record lab results against the patient so that doctors see them immediately","Given a CRITICAL result, then the result appears on the record and the doctor gets an SMS alert",6.13,Should,5,3,Maruf,Done
PB-08,FR-05,"As a doctor I want to send e-prescriptions with an allergy check so that unsafe medication is stopped","Given a penicillin allergy, when I prescribe Penicillin V, then it is blocked unless I record an override",7.47,Must,5,4,Humayra,Done
PB-09,FR-02,"As a receptionist I want the queue to reorder for emergencies and late arrivals so that care is fair and safe","Given an emergency check-in, then that patient is first; late arrivals go behind on-time patients",5.42,Should,5,4,Mukit,Done
PB-10,FR-03,"As a patient I want SMS and email reminders so that I don't miss appointments","Given a booking, then a confirmation is sent now and a reminder 24 h before, never twice",4.67,Should,3,4,Mishkatul,Done
PB-11,FR-06,"As a doctor I want to assign tasks such as vitals checks to nurses so that preparation happens before the consult","Given a task, only the assignee can move it TODO to IN_PROGRESS to DONE",4.61,Could,3,5,Mukit,Done
PB-12,FR-10,"As a clinic manager I want wait times and doctor utilisation on a dashboard so that I can spot bottlenecks","Given visits, then average wait and utilisation per doctor are displayed",3.06,Could,3,5,Mukit,Done
PB-13,FR-11,"As a clinic manager I want a forecast of peak hours so that I can roster enough staff","Given six weeks of history, then an hourly forecast and staff recommendation are shown",2.61,Could,5,5,Mukit,Done
PB-14,FR-12,"As a patient I want loyalty points and health-check offers so that regular care is rewarded","Given five completed visits, then I reach 50 points and qualify for a discounted health check",2.13,Could,2,5,Humayra,Done
PB-15,NFR-03,"As a patient I want my data protected if a backup leaks so that my privacy is preserved","Given a raw database dump, then no clinical text is readable",7.86,Must,3,3,Maruf,Done
PB-16,NFR-09,"As the team we want CI on every pull request so that defects are caught before merge","Given a PR, then flake8 and pytest run and coverage below 80% fails the build",-,Must,3,1,Mukit,Done
PB-17,NFR-06,"As a user with low vision I want an accessible interface so that I can use the system independently","Given keyboard-only navigation, then every control has a visible focus state; WCAG 2.1 AA contrast",-,Should,3,6,Humayra,In review
PB-18,NFR-04,"As a clinic I want pages to load quickly at peak so that reception is not delayed","Given 100 concurrent users, then 95% of requests complete in under 2 s (load test with Locust)",-,Should,5,6,Mukit,Planned
PB-19,NFR-05,"As a clinic I want the system available in clinic hours so that care is not interrupted","99.5% monthly availability; Multi-AZ database; tested restore from backup",-,Should,5,6,Maruf,Planned
PB-20,NFR-07,"As the clinic owner I want compliance with the Australian Privacy Principles so that we meet legal duties","Privacy impact assessment completed; data held in Australian region; audit log retained",-,Must,3,6,Humayra,Planned
